City_ID,City,Country,Lat,Lng,Max Temp,Humidity,Cloudiness,Wind Speed,Date
0,Youkounkoun,GN,12.5333,-13.1333,75.49,21,5,1.5,2022-01-30 04:22:13
1,Itaituba,BR,-4.2761,-55.9836,71.11,100,100,0.94,2022-01-30 04:14:29
2,Longyearbyen,SJ,78.2186,15.6401,6.64,72,0,17.27,2022-01-30 04:22:13
3,Sao Desiderio,BR,-12.3633,-44.9733,69.26,97,100,3.02,2022-01-30 04:22:13
4,Korla,CN,41.7597,86.1469,27.14,43,100,3.04,2022-01-30 04:22:14
5,Rikitea,PF,-23.1203,-134.9692,76.84,68,100,6.8,2022-01-30 04:22:14
6,Aksarka,RU,66.5606,67.7975,-16.89,100,99,6.38,2022-01-30 04:22:14
7,Atuona,PF,-9.8,-139.0333,78.08,76,23,14.14,2022-01-30 04:22:15
8,Adrar,MR,20.5022,-10.0711,68.04,15,88,11.74,2022-01-30 04:17:53
9,Mataura,NZ,-46.1927,168.8643,58.84,93,100,2.13,2022-01-30 04:22:15
10,Avera,US,33.194,-82.5271,33.67,37,0,5.97,2022-01-30 04:22:16
11,Nikolskoye,RU,59.7035,30.7861,27.72,93,100,15.01,2022-01-30 04:22:16
12,Almasu,RO,46.95,23.1333,26.15,83,99,22.86,2022-01-30 04:22:16
13,Karratha,AU,-20.7377,116.8463,98.13,35,54,14.81,2022-01-30 04:22:17
14,Muli,MV,2.9167,73.5667,81.61,74,20,11.45,2022-01-30 04:22:17
15,Srednekolymsk,RU,67.45,153.6833,-25.28,100,64,2.95,2022-01-30 04:22:18
16,Nazilli,TR,37.9163,28.3223,35.78,81,90,4.47,2022-01-30 04:22:18
17,Fortuna,US,40.5982,-124.1573,47.66,94,100,0.0,2022-01-30 04:14:23
18,Magan,ES,39.9683,-3.931,49.28,41,0,5.7,2022-01-30 04:22:18
19,Sinnamary,GF,5.3833,-52.95,75.45,88,25,7.58,2022-01-30 04:22:19
20,Albany,US,42.6001,-73.9662,6.75,55,100,17.0,2022-01-30 04:20:43
21,Pouebo,NC,-20.4,164.5667,86.49,64,97,11.5,2022-01-30 04:22:19
22,Glendive,US,47.1053,-104.7125,25.48,85,0,6.91,2022-01-30 04:22:19
23,Port Macquarie,AU,-31.4333,152.9167,78.89,64,41,9.08,2022-01-30 04:22:20
24,Hobart,AU,-42.8794,147.3294,84.02,52,0,1.01,2022-01-30 04:21:57
25,Saint-Philippe,RE,-21.3585,55.7679,81.99,75,85,9.71,2022-01-30 04:22:20
26,Ribeira Grande,PT,38.5167,-28.7,59.22,74,79,17.25,2022-01-30 04:21:10
27,Bredasdorp,ZA,-34.5322,20.0403,65.28,94,5,2.3,2022-01-30 04:20:42
28,Jalu,LY,29.0331,21.5482,52.23,66,87,9.44,2022-01-30 04:22:21
29,Kavaratti,IN,10.5669,72.642,81.37,69,90,9.15,2022-01-30 04:22:21
30,Leshukonskoye,RU,64.8989,45.7622,7.16,96,100,6.89,2022-01-30 04:22:21
31,Kapaa,US,22.0752,-159.319,76.98,75,0,3.44,2022-01-30 04:22:22
32,Ushuaia,AR,-54.8,-68.3,42.46,87,100,2.3,2022-01-30 04:19:40
33,Hilo,US,19.7297,-155.09,73.13,72,40,4.61,2022-01-30 04:14:21
34,Barrow,US,71.2906,-156.7887,-7.58,71,100,11.5,2022-01-30 04:22:22
35,Port Elizabeth,ZA,-33.918,25.5701,64.69,100,20,3.44,2022-01-30 04:22:22
36,Turuvekere,IN,13.1642,76.6667,74.77,60,15,6.31,2022-01-30 04:22:23
37,Ilulissat,GL,69.2167,-51.1,8.62,52,20,25.32,2022-01-30 04:21:41
38,Namie,JP,37.4833,141.0,42.98,44,94,14.45,2022-01-30 04:22:23
39,Bac Giang,VN,21.2667,106.2,57.27,63,100,7.29,2022-01-30 04:19:08
40,Punta Arenas,CL,-53.15,-70.9167,46.11,70,0,11.5,2022-01-30 04:21:00
41,San Patricio,US,28.017,-97.5169,57.04,55,9,8.39,2022-01-30 04:21:32
42,Hermanus,ZA,-34.4187,19.2345,65.8,89,2,10.4,2022-01-30 04:20:40
43,Gurupa,BR,-1.405,-51.64,71.8,99,100,2.08,2022-01-30 04:22:24
44,Muros,ES,42.7762,-9.0603,45.1,60,18,5.66,2022-01-30 04:21:38
45,Shimoda,JP,34.6667,138.95,45.1,57,96,8.37,2022-01-30 04:13:03
46,Ust-Tarka,RU,55.5672,75.705,4.15,85,100,10.22,2022-01-30 04:22:24
47,Evensk,RU,61.95,159.2333,16.21,79,100,10.45,2022-01-30 04:22:25
48,Juneau,US,58.3019,-134.4197,35.6,90,100,6.91,2022-01-30 04:18:44
49,Krishnarajasagara,IN,12.4089,76.5797,75.13,73,20,5.75,2022-01-30 04:23:26
50,Torbay,CA,47.6666,-52.7314,45.28,96,100,35.68,2022-01-30 04:09:28
51,Kahului,US,20.8947,-156.47,77.02,63,0,3.44,2022-01-30 04:23:26
52,Alenquer,BR,-1.9417,-54.7383,77.34,96,100,4.21,2022-01-30 04:23:27
53,Kavali,IN,14.9167,79.9833,76.75,71,12,3.62,2022-01-30 04:23:27
54,Urumqi,CN,43.801,87.6005,-1.25,85,100,2.24,2022-01-30 04:23:28
55,Lorengau,PG,-2.0226,147.2712,83.55,73,42,9.04,2022-01-30 04:23:29
56,Cape Town,ZA,-33.9258,18.4232,66.11,73,0,3.0,2022-01-30 04:14:17
57,Outlook,CA,51.5001,-107.0513,27.16,92,96,6.73,2022-01-30 04:23:29
58,Coolum Beach,AU,-26.5333,153.1,84.11,81,70,4.0,2022-01-30 04:23:29
59,Yeppoon,AU,-23.1333,150.7333,87.58,71,40,14.85,2022-01-30 04:23:30
60,Jamestown,US,42.097,-79.2353,6.71,84,0,4.61,2022-01-30 04:14:28
61,Medvezhyegorsk,RU,62.9167,34.4667,13.82,95,100,9.15,2022-01-30 04:23:30
62,Ancud,CL,-41.8697,-73.8203,56.73,88,100,9.64,2022-01-30 04:23:31
63,Busselton,AU,-33.65,115.3333,87.08,45,4,12.55,2022-01-30 04:23:31
64,Udachnyy,RU,66.4167,112.4,-21.41,99,36,3.31,2022-01-30 04:23:31
65,Huarmey,PE,-10.0681,-78.1522,70.5,84,67,7.9,2022-01-30 04:23:32
66,Norman Wells,CA,65.282,-126.8329,-27.36,68,75,3.44,2022-01-30 04:23:32
67,Victoria,HK,22.2855,114.1577,67.24,62,67,7.0,2022-01-30 04:19:01
68,Vaini,TO,-21.2,-175.2,81.9,76,99,11.95,2022-01-30 04:23:33
69,Qaanaaq,GL,77.484,-69.3632,-5.53,87,100,5.14,2022-01-30 04:23:33
70,Camabatela,AO,-8.1881,15.375,62.24,100,100,1.97,2022-01-30 04:23:33
71,East London,ZA,-33.0153,27.9116,65.34,94,0,3.44,2022-01-30 04:21:27
72,Anshun,CN,26.25,105.9333,41.65,71,35,4.9,2022-01-30 04:23:34
73,Jember,ID,-8.166,113.7032,87.26,65,97,4.52,2022-01-30 04:23:34
74,Sars,RU,56.5502,57.1366,10.53,92,100,5.37,2022-01-30 04:23:35
75,Pevek,RU,69.7008,170.3133,-15.2,98,100,3.96,2022-01-30 04:23:35
76,Lagoa,PT,39.05,-27.9833,57.92,70,7,16.8,2022-01-30 04:23:35
77,Dryden,CA,49.7833,-92.7503,7.09,85,100,6.91,2022-01-30 04:23:36
78,Sorland,NO,67.667,12.6934,36.48,53,100,26.06,2022-01-30 04:23:36
79,Shenjiamen,CN,29.9576,122.298,42.08,79,100,19.86,2022-01-30 04:23:37
80,Port Blair,IN,11.6667,92.75,82.44,69,40,9.22,2022-01-30 04:23:37
81,Manicore,BR,-5.8092,-61.3003,71.31,100,100,2.37,2022-01-30 04:23:37
82,Comodoro Rivadavia,AR,-45.8667,-67.5,62.46,39,0,20.71,2022-01-30 04:23:37
83,Barcelos,PT,41.5388,-8.6151,49.68,55,1,6.04,2022-01-30 04:23:38
84,Dunedin,NZ,-45.8742,170.5036,57.72,94,100,2.39,2022-01-30 04:23:38
85,Misratah,LY,32.3754,15.0925,55.02,55,24,20.38,2022-01-30 04:23:39
86,Khatanga,RU,71.9667,102.5,-14.51,98,84,7.52,2022-01-30 04:23:39
87,Kodiak,US,57.79,-152.4072,31.51,59,0,18.41,2022-01-30 04:23:15
88,Faanui,PF,-16.4833,-151.75,80.82,71,100,6.24,2022-01-30 04:14:01
89,Dikson,RU,73.5069,80.5464,7.05,94,100,16.64,2022-01-30 04:23:39
90,Saint-Augustin,CA,51.226,-58.6502,12.04,93,100,30.71,2022-01-30 04:23:40
91,Bambous Virieux,MU,-20.3428,57.7575,83.21,78,40,10.36,2022-01-30 04:21:45
92,Masumbwe,TZ,-3.6333,32.1833,64.74,86,100,2.64,2022-01-30 04:24:40
93,Clyde River,CA,70.4692,-68.5914,-10.97,64,75,10.36,2022-01-30 04:24:41
94,Ondjiva,AO,-17.0667,15.7333,68.41,79,100,5.86,2022-01-30 04:24:41
95,Port Hardy,CA,50.6996,-127.4199,47.75,81,100,21.85,2022-01-30 04:21:07
96,Shenzhen,CN,22.5455,114.0683,67.14,73,43,10.85,2022-01-30 04:24:42
97,Ketchikan,US,55.3422,-131.6461,39.18,91,98,5.55,2022-01-30 04:24:42
98,Hithadhoo,MV,-0.6,73.0833,81.05,68,55,3.51,2022-01-30 04:24:42
99,Bontang,ID,0.1333,117.5,83.37,75,97,5.46,2022-01-30 04:20:20
100,Yellowknife,CA,62.456,-114.3525,-14.58,78,75,6.91,2022-01-30 04:24:43
101,Grand Gaube,MU,-20.0064,57.6608,83.37,68,85,8.01,2022-01-30 04:24:43
102,Praia Da Vitoria,PT,38.7333,-27.0667,57.45,88,40,14.65,2022-01-30 04:23:35
103,Belozerskoye,RU,55.8214,65.5842,6.17,95,100,2.66,2022-01-30 04:24:44
104,Port Alfred,ZA,-33.5906,26.891,68.76,86,10,8.08,2022-01-30 04:21:21
105,Dingle,PH,10.9995,122.6711,87.06,64,11,3.0,2022-01-30 04:24:44
106,Lebu,CL,-37.6167,-73.65,56.43,90,6,7.9,2022-01-30 04:24:45
107,New Norfolk,AU,-42.7826,147.0587,82.89,31,0,3.0,2022-01-30 04:24:45
108,Tuy Hoa,VN,13.0833,109.3,78.06,77,82,5.12,2022-01-30 04:24:45
109,Oschersleben,DE,52.0333,11.25,44.15,74,92,33.02,2022-01-30 04:24:46
110,Nizhneudinsk,RU,54.9076,99.0276,7.75,81,29,2.17,2022-01-30 04:24:46
111,Terekli-Mekteb,RU,44.1671,45.8698,32.7,91,100,5.7,2022-01-30 04:24:46
112,Tuktoyaktuk,CA,69.4541,-133.0374,-5.8,77,40,16.11,2022-01-30 04:24:47
113,Kungalv,SE,57.871,11.9805,46.11,54,46,8.99,2022-01-30 04:24:47
114,Port Lincoln,AU,-34.7333,135.8667,74.05,64,4,11.9,2022-01-30 04:24:47
115,Porto De Moz,BR,-1.7483,-52.2383,71.65,99,100,2.73,2022-01-30 04:24:48
116,Niksic,ME,42.7731,18.9445,33.67,58,88,5.61,2022-01-30 04:24:48
117,Rock Sound,BS,24.9,-76.2,63.59,60,95,21.47,2022-01-30 04:24:48
118,Tiznit,MA,29.5833,-9.5,56.77,29,0,24.96,2022-01-30 04:23:32
119,Kruisfontein,ZA,-34.0033,24.7314,56.88,90,1,3.51,2022-01-30 04:24:49
120,Manta,EC,-0.95,-80.7333,74.98,83,20,6.91,2022-01-30 04:24:49
121,Whitehorse,CA,60.7161,-135.0538,16.57,92,100,4.0,2022-01-30 04:24:49
122,Taoudenni,ML,22.6783,-3.9836,69.12,16,99,10.13,2022-01-30 04:23:29
123,Bluff,NZ,-46.6,168.3333,59.67,88,100,3.69,2022-01-30 04:22:09
124,Carnarvon,AU,-24.8667,113.6333,84.27,70,61,17.27,2022-01-30 04:21:51
125,Guerrero Negro,MX,27.9769,-114.0611,61.21,66,7,10.47,2022-01-30 04:22:31
126,Labuhan,ID,-6.8844,112.2051,85.44,68,96,4.52,2022-01-30 04:24:50
127,Hofn,IS,64.2539,-15.2082,32.23,62,100,7.36,2022-01-30 04:24:51
128,Vila Franca Do Campo,PT,37.7167,-25.4333,57.61,68,78,11.81,2022-01-30 04:24:51
129,Nanortalik,GL,60.1432,-45.2371,18.37,70,100,19.62,2022-01-30 04:24:52
130,Kokopo,PG,-4.352,152.2633,81.28,80,100,8.46,2022-01-30 04:24:52
131,Pandan,PH,14.0453,124.1694,85.05,68,47,3.0,2022-01-30 04:24:52
132,Kotma,IN,23.2,81.9667,62.76,27,0,6.35,2022-01-30 04:24:53
133,Elban,RU,50.1018,136.5094,-9.22,93,99,4.18,2022-01-30 04:24:53
134,Tomatlan,MX,19.9333,-105.25,66.29,91,0,2.55,2022-01-30 04:24:54
135,Belmonte,BR,-15.8631,-38.8828,77.5,85,90,10.29,2022-01-30 04:24:54
136,Alugan,PH,12.2188,125.4808,83.35,73,11,7.92,2022-01-30 04:24:54
137,Iquique,CL,-20.2208,-70.1431,66.24,78,36,2.95,2022-01-30 04:22:21
138,Sur,OM,22.5667,59.5289,72.88,45,2,2.82,2022-01-30 04:24:55
139,Tsiroanomandidy,MG,-18.7667,46.0333,70.21,89,71,3.58,2022-01-30 04:25:55
140,Vestmannaeyjar,IS,63.4427,-20.2734,40.55,71,100,17.74,2022-01-30 04:25:56
141,Padang,ID,-0.9492,100.3543,84.25,80,98,1.43,2022-01-30 04:25:56
142,Veraval,IN,20.9,70.3667,71.01,28,0,6.08,2022-01-30 04:25:56
143,Merauke,ID,-8.4667,140.3333,82.0,77,100,3.47,2022-01-30 04:25:05
144,Provideniya,RU,64.3833,-173.3,3.54,84,19,4.79,2022-01-30 04:25:57
145,Iqaluit,CA,63.7506,-68.5145,-15.07,64,100,3.44,2022-01-30 04:25:57
146,Ulaanbaatar,MN,47.9077,106.8832,-2.07,78,75,2.24,2022-01-30 04:21:18
147,Port Moresby,PG,-9.4431,147.1797,80.02,78,75,17.27,2022-01-30 04:25:58
148,Roald,NO,62.5833,6.1333,39.34,60,20,19.57,2022-01-30 04:25:58
149,Shelburne,CA,44.0787,-80.2041,7.59,79,62,4.94,2022-01-30 04:25:59
150,Borba,BR,-4.3878,-59.5939,71.96,100,100,1.19,2022-01-30 04:25:59
151,Tasiilaq,GL,65.6145,-37.6368,12.36,63,100,12.17,2022-01-30 04:21:24
152,Price,US,39.5994,-110.8107,26.11,74,0,3.44,2022-01-30 04:26:00
153,Lavrentiya,RU,65.5833,-171.0,-4.07,88,3,3.8,2022-01-30 04:21:42
154,Bemidji,US,47.4736,-94.8803,13.14,79,100,13.8,2022-01-30 04:23:28
155,Vanimo,PG,-2.6741,141.3028,79.25,82,100,11.59,2022-01-30 04:26:00
156,Kudahuvadhoo,MV,2.6708,72.8944,81.36,74,80,10.58,2022-01-30 04:26:00
157,Kirakira,SB,-10.4544,161.9205,84.78,74,54,9.37,2022-01-30 04:22:59
158,Archidona,ES,37.0965,-4.3887,50.36,26,0,5.28,2022-01-30 04:26:01
159,Galle,LK,6.0367,80.217,83.53,61,6,3.62,2022-01-30 04:26:01
160,Hastings,GB,50.8552,0.5729,40.89,84,4,9.37,2022-01-30 04:26:02
161,Chokurdakh,RU,70.6333,147.9167,-20.61,89,85,1.79,2022-01-30 04:26:02
162,Kangaatsiaq,GL,68.3065,-53.4641,5.81,90,100,17.25,2022-01-30 04:26:02
163,Mahebourg,MU,-20.4081,57.7,83.25,78,40,10.36,2022-01-30 04:21:53
164,Macamic,CA,48.7502,-78.9996,-7.37,100,88,2.8,2022-01-30 04:26:03
165,Marrakesh,MA,31.6315,-8.0083,51.87,50,40,2.3,2022-01-30 04:26:04
166,Praia,CV,14.9215,-23.5087,68.54,68,40,21.85,2022-01-30 04:26:02
167,Nizwa,OM,22.9333,57.5333,68.13,40,0,0.81,2022-01-30 04:26:04
168,Cidreira,BR,-30.1811,-50.2056,70.83,70,27,10.65,2022-01-30 04:25:20
169,Ponta Do Sol,PT,32.6667,-17.1,61.43,41,6,5.53,2022-01-30 04:26:05
170,Burnie,AU,-41.0667,145.9167,74.95,64,9,8.41,2022-01-30 04:26:05
171,Tezu,IN,27.9167,96.1667,64.85,31,0,3.69,2022-01-30 04:26:05
172,Tierralta,CO,8.1736,-76.0592,72.64,91,8,3.53,2022-01-30 04:26:06
173,Khor,RU,47.8861,134.9464,-6.11,89,36,4.79,2022-01-30 04:26:06
174,Emba,KZ,48.8264,58.1442,14.07,96,97,7.61,2022-01-30 04:26:07
175,Okhotsk,RU,59.3833,143.3,17.31,80,100,14.09,2022-01-30 04:26:07
176,Igarka,RU,67.4667,86.5833,0.03,96,100,10.65,2022-01-30 04:26:07
177,Makakilo City,US,21.3469,-158.0858,75.56,61,0,6.91,2022-01-30 04:26:08
178,Kununurra,AU,-15.7667,128.7333,89.58,58,40,18.41,2022-01-30 04:26:08
179,Vostok,RU,46.4856,135.8833,-0.96,78,89,4.85,2022-01-30 04:26:09
180,Talnakh,RU,69.4865,88.3972,-2.79,97,100,8.39,2022-01-30 04:26:09
181,Havoysund,NO,70.9963,24.6622,25.68,69,97,24.38,2022-01-30 04:25:10
182,Umm Lajj,SA,25.0213,37.2685,60.51,46,0,10.85,2022-01-30 04:26:09
183,Caravelas,BR,-17.7125,-39.2481,76.98,87,40,8.1,2022-01-30 04:22:08
184,Itoman,JP,26.1247,127.6694,69.82,73,40,16.11,2022-01-30 04:26:10
185,Alice Springs,AU,-23.7,133.8833,85.55,66,75,18.41,2022-01-30 04:25:06
186,Malanje,AO,-9.5402,16.341,64.87,98,100,5.37,2022-01-30 04:27:11
187,Portland,US,45.5234,-122.6762,43.16,72,0,5.99,2022-01-30 04:22:32
188,Champasak,LA,14.75,106.0,81.48,42,68,5.1,2022-01-30 04:27:11
189,Mar Del Plata,AR,-38.0023,-57.5575,69.87,83,0,21.0,2022-01-30 04:27:11
190,Nyazepetrovsk,RU,56.0531,59.6028,0.36,99,100,1.14,2022-01-30 04:27:12
191,Zavetnoye,RU,47.1194,43.8903,31.14,93,99,15.57,2022-01-30 04:27:12
192,Georgetown,MY,5.4112,100.3354,91.33,66,20,8.05,2022-01-30 04:27:13
193,Agadez,NE,19.75,10.25,51.26,28,40,10.13,2022-01-30 04:25:18
194,Yumen,CN,40.2833,97.2,18.39,46,0,7.94,2022-01-30 04:27:13
195,Avarua,CK,-21.2078,-159.775,80.65,74,20,4.61,2022-01-30 04:27:13
196,Mocuba,MZ,-16.8392,36.9856,71.02,98,25,1.79,2022-01-30 04:27:14
197,Bilibino,RU,68.0546,166.4372,-0.13,89,100,3.29,2022-01-30 04:27:14
198,Erenhot,CN,43.6475,111.9767,10.98,88,100,14.36,2022-01-30 04:27:14
199,Codrington,AU,-38.2667,141.9667,72.63,72,96,12.21,2022-01-30 04:25:19
200,Baykit,RU,61.67,96.37,-4.74,100,100,0.29,2022-01-30 04:27:15
201,Bethel,US,41.3712,-73.414,13.01,50,0,3.0,2022-01-30 04:27:15
202,Sozimskiy,RU,59.7418,52.2482,1.24,98,100,3.8,2022-01-30 04:27:16
203,Dubai,AE,25.2582,55.3047,67.21,82,0,5.75,2022-01-30 04:27:16
204,Bubaque,GW,11.2833,-15.8333,78.06,58,40,12.37,2022-01-30 04:27:16
205,Ambilobe,MG,-13.2,49.05,75.69,91,100,0.34,2022-01-30 04:27:16
206,Saint-Joseph,RE,-21.3667,55.6167,80.98,74,54,10.27,2022-01-30 04:27:17
207,Puerto Ayora,EC,-0.7393,-90.3518,73.18,85,81,5.57,2022-01-30 04:27:17
208,Marsh Harbour,BS,26.5412,-77.0636,59.45,60,64,22.75,2022-01-30 04:27:17
209,Progreso,MX,21.2833,-89.6667,65.1,63,100,12.64,2022-01-30 04:27:18
210,Tabou,CI,4.423,-7.3528,77.61,88,49,1.1,2022-01-30 04:27:18
211,Natal,BR,-5.795,-35.2094,77.22,94,40,4.61,2022-01-30 04:23:50
212,Ostrovnoy,RU,68.0531,39.5131,18.61,92,100,9.6,2022-01-30 04:27:19
213,Constitucion,CL,-35.3333,-72.4167,56.89,93,62,6.85,2022-01-30 04:27:19
214,Isangel,VU,-19.55,169.2667,82.51,89,100,5.75,2022-01-30 04:27:19
215,Santa Isabel Do Rio Negro,BR,-0.4139,-65.0192,73.45,97,97,2.93,2022-01-30 04:27:20
216,Shieli,KZ,44.1667,66.75,25.61,89,6,3.22,2022-01-30 04:27:20
217,Berlevag,NO,70.8578,29.0864,22.68,79,87,5.3,2022-01-30 04:27:21
218,Arraial Do Cabo,BR,-22.9661,-42.0278,73.44,95,100,10.16,2022-01-30 04:27:21
219,Puksoozero,RU,62.5903,40.6066,4.93,97,100,6.15,2022-01-30 04:27:21
220,Namibe,AO,-15.1961,12.1522,70.18,76,100,3.56,2022-01-30 04:26:30
221,Thinadhoo,MV,0.5333,72.9333,81.66,71,69,5.35,2022-01-30 04:27:21
222,Nakusp,CA,50.2499,-117.8023,27.48,86,100,2.3,2022-01-30 04:27:22
223,Cochrane,CA,51.1834,-114.4687,42.04,33,100,21.85,2022-01-30 04:26:31
224,Cabo San Lucas,MX,22.8909,-109.9124,67.6,63,5,6.93,2022-01-30 04:26:03
225,Souillac,MU,-20.5167,57.5167,83.35,78,40,10.36,2022-01-30 04:27:22
226,Djambala,CG,-2.5447,14.7533,67.6,90,81,3.85,2022-01-30 04:27:23
227,Aleksandrovka,UA,46.8383,32.7612,25.02,80,59,7.99,2022-01-30 04:27:23
228,Mandalgovi,MN,45.7625,106.2708,3.79,66,73,21.68,2022-01-30 04:27:23
229,Luderitz,NA,-26.6481,15.1594,66.25,82,18,4.18,2022-01-30 04:27:24
230,Seybaplaya,MX,19.65,-90.6667,66.31,64,4,13.11,2022-01-30 04:28:24
231,Castro,BR,-24.7911,-50.0119,60.22,99,100,5.23,2022-01-30 04:28:25
232,Kamenka,RU,51.3223,42.7678,30.74,97,97,7.54,2022-01-30 04:28:25
233,Anadyr,RU,64.75,177.4833,-8.9,77,75,0.0,2022-01-30 04:25:36
234,Butaritari,KI,3.0707,172.7902,82.54,72,41,17.25,2022-01-30 04:28:25
235,Mount Gambier,AU,-37.8333,140.7667,76.91,61,100,8.05,2022-01-30 04:28:26
236,Oranjemund,NA,-28.55,16.4333,64.2,90,42,6.58,2022-01-30 04:28:26
237,Carbonia,IT,39.1672,8.5222,45.0,88,6,5.03,2022-01-30 04:28:26
238,Maniitsoq,GL,65.4167,-52.9,10.17,82,100,28.59,2022-01-30 04:28:27
239,Mattru,SL,7.6244,-11.8332,72.03,92,86,1.45,2022-01-30 04:28:27
240,Okhtyrka,UA,50.3104,34.8988,20.53,94,100,13.0,2022-01-30 04:28:28
241,Trybukhivtsi,UA,49.0436,25.4581,36.25,73,100,19.26,2022-01-30 04:28:28
242,Saskylakh,RU,71.9167,114.0833,-19.17,100,99,3.53,2022-01-30 04:25:20
243,Torata,PE,-17.0769,-70.8433,55.29,79,35,2.51,2022-01-30 04:28:29
244,Paamiut,GL,61.994,-49.6678,12.24,70,100,6.64,2022-01-30 04:24:11
245,Jishou,CN,28.3167,109.7167,42.08,76,66,6.35,2022-01-30 04:28:29
246,Buchanan,LR,5.8808,-10.0467,77.32,86,24,1.79,2022-01-30 04:28:30
247,Langsa,ID,4.4683,97.9683,86.81,59,99,4.68,2022-01-30 04:28:31
248,Sakaiminato,JP,35.55,133.2333,42.78,87,75,8.05,2022-01-30 04:28:31
249,Bahia Honda,CU,22.9036,-83.1592,62.87,57,97,14.56,2022-01-30 04:28:31
250,Gizo,SB,-8.103,156.8419,83.37,75,87,6.51,2022-01-30 04:28:32
251,Thompson,CA,55.7435,-97.8558,-12.84,77,75,0.0,2022-01-30 04:28:32
252,Naze,JP,28.3667,129.4833,58.12,77,99,17.4,2022-01-30 04:23:35
253,College,US,64.8569,-147.8028,-18.45,76,0,0.0,2022-01-30 04:28:33
254,Volot,RU,57.9278,30.7025,25.75,93,100,17.27,2022-01-30 04:28:34
255,Dzilam Gonzalez,MX,21.2833,-88.9333,65.26,62,99,7.58,2022-01-30 04:28:34
256,Tyazhinskiy,RU,56.116,88.524,4.91,92,83,3.71,2022-01-30 04:28:35
257,Gondar,ET,12.6,37.4667,54.82,59,85,5.82,2022-01-30 04:28:35
258,Beringovskiy,RU,63.05,179.3167,-12.69,100,77,2.98,2022-01-30 04:28:36
259,Dudinka,RU,69.4058,86.1778,-2.38,95,100,12.33,2022-01-30 04:28:36
260,Atar,MR,20.5169,-13.0499,71.71,23,99,7.0,2022-01-30 04:27:22
261,Sao Filipe,CV,14.8961,-24.4956,70.56,73,76,11.18,2022-01-30 04:27:47
262,Asyut,EG,27.181,31.1837,42.98,65,0,4.92,2022-01-30 04:27:40
263,Christchurch,NZ,-43.5333,172.6333,73.6,52,96,1.01,2022-01-30 04:28:29
264,Panaba,MX,21.2833,-88.2667,65.03,61,77,10.47,2022-01-30 04:28:37
265,Herre,NO,59.1,9.5667,44.08,42,3,17.34,2022-01-30 04:28:38
266,Aldan,RU,58.6031,125.3894,-5.01,91,100,4.03,2022-01-30 04:28:39
267,Deputatskiy,RU,69.3,139.9,-20.49,99,95,2.24,2022-01-30 04:28:39
268,Esperance,AU,-33.8667,121.9,98.44,45,6,13.38,2022-01-30 04:28:39
269,Airai,TL,-8.9266,125.4092,65.03,82,100,4.23,2022-01-30 04:26:28
270,Seriate,IT,45.6834,9.7229,45.79,64,7,4.61,2022-01-30 04:29:40
271,Kathu,TH,7.9178,98.3332,89.42,69,77,6.4,2022-01-30 04:29:40
272,Brae,GB,60.3964,-1.353,39.11,63,72,21.9,2022-01-30 04:29:41
273,Lompoc,US,34.6391,-120.4579,60.13,78,0,4.61,2022-01-30 04:29:41
274,Waipawa,NZ,-41.4122,175.5153,65.93,53,6,12.35,2022-01-30 04:29:41
275,Saint-Pierre,RE,-21.3393,55.4781,82.08,74,0,17.27,2022-01-30 04:29:42
276,Kaitangata,NZ,-46.2817,169.8464,57.6,95,100,2.93,2022-01-30 04:26:27
277,Spas-Klepiki,RU,55.1347,40.1767,11.93,98,94,4.09,2022-01-30 04:29:42
278,Saint Anthony,US,45.0205,-93.218,19.92,76,0,4.0,2022-01-30 04:29:43
279,Port-Cartier,CA,50.0334,-66.8654,7.02,88,100,17.02,2022-01-30 04:29:43
280,Dhuri,IN,30.3667,75.8667,54.12,59,5,9.22,2022-01-30 04:29:43
281,Saldanha,ZA,-33.0117,17.9442,60.85,84,0,10.49,2022-01-30 04:25:10
282,Mehamn,NO,71.0357,27.8492,18.16,87,82,5.84,2022-01-30 04:29:44
283,Jatiroto,ID,-7.8833,111.1167,82.76,74,88,5.23,2022-01-30 04:29:44
284,Sao Joao Da Barra,BR,-21.6403,-41.0511,74.28,95,100,7.67,2022-01-30 04:29:45
285,Ploemeur,FR,47.7333,-3.4333,47.82,93,100,2.3,2022-01-30 04:29:45
286,Pestravka,RU,52.405,49.9583,31.95,98,100,11.68,2022-01-30 04:29:46
287,Hokitika,NZ,-42.7167,170.9667,67.87,65,70,10.56,2022-01-30 04:29:46
288,Harlingen,US,26.1906,-97.6961,54.34,50,0,3.44,2022-01-30 04:27:47
289,Saint George,US,37.1041,-113.5841,50.34,27,0,4.0,2022-01-30 04:26:28
290,Trairi,BR,-3.2778,-39.2689,74.66,89,99,5.46,2022-01-30 04:28:51
291,Cayenne,GF,4.9333,-52.3333,77.09,89,75,5.01,2022-01-30 04:29:47
292,Chuy,UY,-33.6971,-53.4616,63.88,80,0,6.78,2022-01-30 04:27:49
293,Chapais,CA,49.7834,-74.8492,-25.82,100,21,3.04,2022-01-30 04:29:47
294,Carmen,MX,18.6333,-91.8333,70.66,67,92,17.09,2022-01-30 04:29:48
295,Hambantota,LK,6.1241,81.1185,82.74,83,75,4.61,2022-01-30 04:29:48
296,Gebre Guracha,ET,9.8,38.4,50.23,51,47,3.49,2022-01-30 04:29:48
297,Bereda,ES,43.2686,-7.5406,38.57,98,58,1.03,2022-01-30 04:29:48
298,Cherskiy,RU,68.75,161.3,-28.14,100,92,3.06,2022-01-30 04:28:55
299,Magistralnyy,RU,56.1725,107.4458,-3.41,94,100,2.71,2022-01-30 04:29:49
300,Paraiso,CR,9.8383,-83.8656,67.06,88,83,4.21,2022-01-30 04:29:50
301,Santa Rosa,PH,14.3122,121.1114,89.1,66,45,10.36,2022-01-30 04:29:50
302,Leningradskiy,RU,69.3833,178.4167,-11.2,91,71,4.16,2022-01-30 04:29:50
303,Malakal,SS,9.5334,31.6605,68.54,20,12,7.87,2022-01-30 04:29:51
304,Qaqortoq,GL,60.7167,-46.0333,14.5,85,100,10.2,2022-01-30 04:29:11
305,Ankang,CN,32.68,109.0172,43.61,56,100,1.5,2022-01-30 04:29:51
306,Evanston,US,42.0411,-87.6901,22.1,66,40,4.0,2022-01-30 04:25:50
307,Colceag,RO,44.95,26.35,28.58,55,97,10.83,2022-01-30 04:29:52
308,Cockburn Town,TC,21.4612,-71.1419,77.36,71,0,12.24,2022-01-30 04:26:54
309,Rabo De Peixe,PT,37.8,-25.5833,56.71,92,40,4.61,2022-01-30 04:29:52
310,Baoqing,CN,46.3317,132.2111,9.32,74,92,14.32,2022-01-30 04:29:52
311,San Vicente,AR,-26.6167,-54.1333,61.32,93,45,2.77,2022-01-30 04:25:33
312,Richards Bay,ZA,-28.783,32.0377,69.66,86,3,2.19,2022-01-30 04:29:53
313,Takoradi,GH,4.8845,-1.7554,77.45,90,45,2.84,2022-01-30 04:29:53
314,Pimentel,PE,-6.8367,-79.9342,70.43,80,100,12.15,2022-01-30 04:29:54
315,Taltal,CL,-25.4,-70.4833,65.35,79,4,1.66,2022-01-30 04:29:54
316,Gold Coast,AU,-28.0,153.4333,88.25,82,100,1.99,2022-01-30 04:27:12
317,Doha,QA,25.2867,51.5333,58.98,74,0,8.05,2022-01-30 04:27:08
318,Upernavik,GL,72.7868,-56.1549,-7.51,99,100,5.17,2022-01-30 04:30:54
319,Yangambi,CD,0.8102,24.4336,65.43,54,10,2.28,2022-01-30 04:30:55
320,Atkinson,US,42.8384,-71.147,12.45,80,40,11.01,2022-01-30 04:30:55
321,Poum,NC,-20.2333,164.0167,81.97,76,100,8.5,2022-01-30 04:30:56
322,Tuatapere,NZ,-46.1333,167.6833,67.75,66,100,2.42,2022-01-30 04:30:56
323,Buraydah,SA,26.326,43.975,48.65,40,0,12.33,2022-01-30 04:30:57
324,Gusinoye Ozero,RU,51.1144,106.2614,0.61,90,54,3.18,2022-01-30 04:30:58
325,Paka,MY,4.6374,103.4368,85.98,70,40,3.44,2022-01-30 04:30:58
326,Seydi,TM,39.4816,62.9137,37.24,66,88,10.89,2022-01-30 04:30:59
327,Luang Prabang,LA,19.8856,102.1347,69.76,64,0,2.3,2022-01-30 04:30:59
328,Forbes,AU,-33.3833,148.0167,88.92,36,26,9.66,2022-01-30 04:30:59
329,Yulara,AU,-25.2406,130.9889,89.44,48,75,19.57,2022-01-30 04:31:00
330,Lubartow,PL,51.4603,22.6095,39.65,84,92,27.38,2022-01-30 04:31:00
331,Saint-Felicien,CA,48.6501,-72.4491,-3.32,65,100,11.5,2022-01-30 04:31:01
332,Mount Isa,AU,-20.7333,139.5,85.77,58,100,13.8,2022-01-30 04:31:01
333,Klaksvik,FO,62.2266,-6.589,32.92,65,100,10.09,2022-01-30 04:31:01
334,Sorong,ID,-0.8833,131.25,83.64,71,100,7.27,2022-01-30 04:30:33
335,Batemans Bay,AU,-35.7167,150.1833,84.99,73,67,7.11,2022-01-30 04:31:02
336,Aklavik,CA,68.2191,-135.0107,-17.57,89,100,5.1,2022-01-30 04:31:03
337,Nalut,LY,30.3333,10.85,39.13,88,0,5.99,2022-01-30 04:31:03
338,Beyneu,KZ,45.3167,55.2,29.35,77,100,7.25,2022-01-30 04:31:03
339,Dvinskoy,RU,62.1535,45.1175,7.57,97,93,6.15,2022-01-30 04:31:04
340,Cartagena,CO,10.3997,-75.5144,76.62,78,0,8.05,2022-01-30 04:30:01
341,Huilong,CN,31.8111,121.655,49.03,52,54,13.76,2022-01-30 04:31:05
342,Antofagasta,CL,-23.65,-70.4,63.68,82,55,3.85,2022-01-30 04:28:41
343,Kloulklubed,PW,7.0419,134.2556,84.7,67,68,12.66,2022-01-30 04:31:05
344,Sunrise Manor,US,36.2111,-115.0731,57.22,16,75,0.0,2022-01-30 04:31:06
345,Kargil,IN,34.5667,76.1,-1.19,93,95,2.42,2022-01-30 04:31:06
346,Srandakan,ID,-7.9386,110.2506,75.72,69,83,6.6,2022-01-30 04:31:07
347,Hurghada,EG,27.2574,33.8129,51.84,46,0,10.36,2022-01-30 04:31:07
348,Ostersund,SE,63.1792,14.6357,28.62,93,100,10.36,2022-01-30 04:31:07
349,Buguruslan,RU,53.6554,52.442,12.79,96,99,4.7,2022-01-30 04:31:08
350,Pueblo Nuevo,MX,23.3833,-105.3833,46.6,66,0,5.01,2022-01-30 04:31:08
351,Faranah,GN,10.0404,-10.7434,68.99,26,4,1.21,2022-01-30 04:31:09
352,Lakatoro,VU,-16.0999,167.4164,78.08,92,100,6.31,2022-01-30 04:31:09
353,Turukhansk,RU,65.8167,87.9833,0.57,95,100,9.19,2022-01-30 04:31:10
354,Statesboro,US,32.4488,-81.7832,32.14,50,0,0.0,2022-01-30 04:26:38
355,Yafran,LY,32.0633,12.5286,42.04,83,70,12.19,2022-01-30 04:31:10
356,Sirsa,IN,29.5333,75.0167,63.21,39,5,6.06,2022-01-30 04:31:10
357,Auki,SB,-8.7676,160.7034,83.89,78,96,8.72,2022-01-30 04:31:11
358,Kita,ML,13.0349,-9.4895,71.78,18,2,6.38,2022-01-30 04:31:12
359,Santa Cruz De La Palma,ES,28.6835,-17.7642,60.94,67,100,8.05,2022-01-30 04:31:12
360,Bengkulu,ID,-3.8004,102.2655,84.78,68,100,7.87,2022-01-30 04:31:12
361,Ahipara,NZ,-35.1667,173.1667,74.14,55,65,4.16,2022-01-30 04:31:13
362,Walvis Bay,NA,-22.9575,14.5053,64.09,88,65,9.22,2022-01-30 04:31:13
363,Manaure,CO,11.7751,-72.4445,74.64,82,81,7.63,2022-01-30 04:31:14
364,Mahalapye,BW,-23.1041,26.8142,67.03,85,99,12.66,2022-01-30 04:32:14
365,Acapulco,MX,16.8634,-99.8901,80.42,78,20,8.05,2022-01-30 04:29:55
366,Kismayo,SO,-0.3582,42.5454,79.07,73,99,14.79,2022-01-30 04:32:15
367,Zyryanka,RU,65.75,150.85,-24.27,100,93,1.88,2022-01-30 04:32:15
368,Mbekenyera,TZ,-10.0,38.9833,71.49,94,84,2.01,2022-01-30 04:32:15
369,Yar-Sale,RU,66.8333,70.8333,-10.37,99,95,8.63,2022-01-30 04:32:16
370,Chulman,RU,56.8479,124.9104,-5.21,91,100,8.59,2022-01-30 04:32:16
371,Kuytun,RU,54.3419,101.5036,-4.34,97,93,2.66,2022-01-30 04:32:16
372,Shache,CN,38.4167,77.2406,33.37,32,22,4.61,2022-01-30 04:32:17
373,Tiksi,RU,71.6872,128.8694,-10.23,97,51,2.46,2022-01-30 04:32:17
374,Ponta Delgada,PT,37.7333,-25.6667,57.92,67,40,4.61,2022-01-30 04:32:18
375,Pangnirtung,CA,66.1451,-65.7125,-11.2,58,100,9.22,2022-01-30 04:32:18
376,Maracaibo,VE,10.6317,-71.6406,76.68,81,74,11.43,2022-01-30 04:31:45
377,Antalaha,MG,-14.9003,50.2788,80.73,67,79,4.61,2022-01-30 04:32:19
378,Quixada,BR,-4.9714,-39.0153,71.67,89,100,0.94,2022-01-30 04:32:19
379,Katsuura,JP,35.1333,140.3,48.11,56,98,10.18,2022-01-30 04:32:19
380,Fuzhou,CN,26.0614,119.3061,49.89,74,97,2.73,2022-01-30 04:29:17
381,Winslow,US,35.0242,-110.6974,33.98,29,0,4.61,2022-01-30 04:32:20
382,Los Llanos De Aridane,ES,28.6585,-17.9182,56.95,76,100,8.99,2022-01-30 04:32:20
383,Ponte,PT,41.4706,-8.3299,48.6,55,0,5.75,2022-01-30 04:32:21
384,Shingu,JP,33.7333,135.9833,47.39,44,100,2.75,2022-01-30 04:32:21
385,Taga,RO,46.95,24.05,27.32,97,100,2.55,2022-01-30 04:32:21
386,Kavieng,PG,-2.5744,150.7967,81.86,76,100,2.98,2022-01-30 04:32:22
387,Arlit,NE,18.7369,7.3853,58.08,18,2,5.35,2022-01-30 04:32:22
388,Varzea Grande,BR,-15.6467,-56.1325,75.07,94,75,4.61,2022-01-30 04:32:23
389,Kungurtug,RU,50.5994,97.5228,-5.28,88,39,1.48,2022-01-30 04:32:23
390,Kamaishi,JP,39.2667,141.8833,32.95,52,52,15.77,2022-01-30 04:32:23
391,Meulaboh,ID,4.1363,96.1285,85.73,66,16,4.52,2022-01-30 04:32:24
392,Kalabo,ZM,-14.97,22.6814,63.84,94,100,5.77,2022-01-30 04:32:24
393,Saurimo,AO,-9.6608,20.3916,62.71,96,100,3.58,2022-01-30 04:32:25
394,Bom Jardim,BR,-7.7958,-35.5872,73.74,91,100,2.26,2022-01-30 04:32:25
395,Davila,PH,18.4726,120.5763,78.78,89,100,11.61,2022-01-30 04:32:26
396,Khromtau,KZ,50.2503,58.4347,11.64,95,100,10.56,2022-01-30 04:32:26
397,Keelung,TW,25.1283,121.7419,58.89,88,100,22.17,2022-01-30 04:32:26
398,Wankaner,IN,22.6167,70.9333,65.01,21,0,3.47,2022-01-30 04:32:27
399,Tunceli,TR,39.1083,39.5471,23.86,95,100,2.95,2022-01-30 04:32:27
400,Haines Junction,CA,60.7522,-137.5108,10.35,79,100,8.05,2022-01-30 04:32:28
401,Abha,SA,18.2164,42.5053,51.62,76,0,6.91,2022-01-30 04:32:28
402,Olafsvik,IS,64.8945,-23.7142,36.46,83,100,26.31,2022-01-30 04:32:28
403,Spirit River,CA,55.7833,-118.8361,39.74,65,75,18.28,2022-01-30 04:32:29
404,Vardo,NO,70.3705,31.1107,23.99,76,83,4.79,2022-01-30 04:32:29
405,Kuching,MY,1.55,110.3333,86.22,70,40,5.75,2022-01-30 04:32:30
406,Marshfield,US,44.6689,-90.1718,19.13,67,100,4.61,2022-01-30 04:32:30
407,Isla Mujeres,MX,21.2311,-86.731,60.85,64,96,13.89,2022-01-30 04:32:30
408,Soyo,AO,-6.1349,12.3689,78.28,88,100,4.54,2022-01-30 04:32:31
409,Tessalit,ML,20.1986,1.0114,62.71,17,23,10.54,2022-01-30 04:31:31
410,Tutoia,BR,-2.7619,-42.2744,76.48,85,100,6.15,2022-01-30 04:33:31
411,Namtsy,RU,62.7161,129.6658,-30.89,96,68,1.48,2022-01-30 04:33:32
412,Bathsheba,BB,13.2167,-59.5167,75.81,78,40,14.97,2022-01-30 04:33:33
413,Pontal Do Parana,BR,-25.6533,-48.5128,75.72,93,100,5.32,2022-01-30 04:33:33
414,Jardim,BR,-21.4803,-56.1381,75.96,78,97,3.0,2022-01-30 04:33:34
415,Moerai,PF,-22.4333,-151.3333,79.36,76,24,9.6,2022-01-30 04:33:34
416,Galich,RU,58.3797,42.3475,6.71,99,88,4.94,2022-01-30 04:33:34
417,Tromso,NO,69.6496,18.957,22.37,79,0,3.44,2022-01-30 04:33:34
418,Madimba,TZ,-10.4,40.3333,74.68,92,86,5.77,2022-01-30 04:33:35
419,Wairoa,NZ,-39.0333,177.3667,76.55,59,1,4.0,2022-01-30 04:33:35
420,Benjamin Constant,BR,-4.3831,-70.0311,77.13,74,100,2.21,2022-01-30 04:33:35
421,Shubarshi,KZ,48.5872,57.1869,15.1,96,95,8.23,2022-01-30 04:33:36
422,Alanya,TR,36.5438,31.9998,46.53,64,97,8.03,2022-01-30 04:33:36
423,Bandarbeyla,SO,9.4942,50.8122,76.39,67,100,17.25,2022-01-30 04:33:36
424,Koupela,BF,12.1794,-0.3517,68.36,18,35,12.35,2022-01-30 04:33:37
425,Alofi,NU,-19.0595,-169.9187,84.09,74,100,9.22,2022-01-30 04:33:37
426,Quelimane,MZ,-17.8786,36.8883,78.75,94,40,3.44,2022-01-30 04:33:38
427,Cangzhou,CN,38.3167,116.8667,40.95,35,2,8.1,2022-01-30 04:33:38
428,Daru,PG,-9.0763,143.2092,81.03,78,99,10.71,2022-01-30 04:30:18
429,Noyabrsk,RU,63.1994,75.4507,2.55,95,100,9.1,2022-01-30 04:32:10
430,Yancheng,CN,33.3856,120.1253,43.56,34,45,7.61,2022-01-30 04:33:38
431,Hirara,JP,24.8,125.2833,64.67,88,75,16.11,2022-01-30 04:33:39
432,Burkburnett,US,34.0979,-98.5706,49.78,27,0,1.99,2022-01-30 04:30:14
433,Nador,MA,35.174,-2.9287,55.65,88,0,3.44,2022-01-30 04:33:39
434,Hamilton,US,39.1834,-84.5333,21.36,73,0,1.01,2022-01-30 04:33:40
435,Halifax,CA,44.6453,-63.5724,34.68,99,91,1.99,2022-01-30 04:30:33
436,Nabire,ID,-3.3667,135.4833,84.52,69,97,7.07,2022-01-30 04:33:40
437,Narsaq,GL,60.9167,-46.05,14.22,86,88,3.44,2022-01-30 04:33:40
438,Sobolevo,RU,54.4299,31.8996,24.28,95,100,19.48,2022-01-30 04:33:41
439,Te Anau,NZ,-45.4167,167.7167,65.68,68,100,1.59,2022-01-30 04:33:41
440,Zhuhai,CN,22.2769,113.5678,66.97,67,0,21.85,2022-01-30 04:33:41
441,Margate,GB,51.3813,1.3862,40.87,80,21,5.01,2022-01-30 04:33:42
442,Susurluk,TR,39.9136,28.1578,34.84,91,34,3.02,2022-01-30 04:33:42
443,Scottsbluff,US,41.8666,-103.6672,34.92,52,0,6.91,2022-01-30 04:29:43
444,Faya,SA,18.3851,42.4509,51.91,72,8,4.07,2022-01-30 04:33:43
445,Alta Floresta,BR,-9.8756,-56.0861,69.08,99,100,3.04,2022-01-30 04:33:43
446,Xinyu,CN,27.8043,114.9334,42.67,77,98,5.35,2022-01-30 04:33:44
447,Cam Ranh,VN,11.9214,109.1591,82.36,69,40,8.05,2022-01-30 04:33:44
448,Grindavik,IS,63.8424,-22.4338,34.27,93,20,18.41,2022-01-30 04:33:45
449,Yerbogachen,RU,61.2767,108.0108,-0.2,93,100,4.97,2022-01-30 04:33:45
450,Cap Malheureux,MU,-19.9842,57.6142,84.47,66,73,8.99,2022-01-30 04:31:08
451,Tautira,PF,-17.7333,-149.15,80.01,74,59,8.43,2022-01-30 04:33:45
452,Onega,RU,63.9061,38.1404,11.61,93,100,10.07,2022-01-30 04:33:46
453,Luanda,AO,-8.8368,13.2343,76.96,84,100,3.91,2022-01-30 04:33:46
454,Pisco,PE,-13.7,-76.2167,69.85,78,20,4.61,2022-01-30 04:31:32
455,Fare,PF,-16.7,-151.0167,80.89,72,99,7.58,2022-01-30 04:33:46
456,Togur,RU,58.3631,82.8265,3.49,94,100,5.68,2022-01-30 04:33:47
457,Pozo Colorado,PY,-23.4923,-58.7972,72.75,48,6,5.06,2022-01-30 04:33:47
458,Hillsboro,US,45.5229,-122.9898,42.19,77,0,3.44,2022-01-30 04:30:04
459,Monaco-Ville,FR,43.731,7.4248,55.24,75,40,13.8,2022-01-30 04:34:48
460,Ippy,CF,6.2679,21.2247,65.75,26,6,4.88,2022-01-30 04:34:48
461,Turkmenabat,TM,39.0733,63.5786,33.78,86,99,9.22,2022-01-30 04:34:48
462,Ipixuna,BR,-1.7625,-48.8043,75.15,99,100,2.57,2022-01-30 04:34:49
463,Mazyr,BY,52.0495,29.2456,32.09,97,100,16.87,2022-01-30 04:34:49
464,Los Zacatones,MX,22.95,-102.05,55.65,68,11,11.61,2022-01-30 04:34:49
465,Tandalti,SD,13.0167,31.8667,57.67,19,11,10.07,2022-01-30 04:34:50
466,Husavik,IS,66.0449,-17.3389,33.71,80,100,13.96,2022-01-30 04:34:31
467,Sapa,PH,5.1544,120.3241,83.73,68,94,4.05,2022-01-30 04:34:50
468,Verkh-Usugli,RU,52.7,115.1667,6.53,68,8,2.64,2022-01-30 04:34:50
469,Manaus,BR,-3.1019,-60.025,75.69,94,0,5.75,2022-01-30 04:33:58
470,Inhambane,MZ,-23.865,35.3833,73.38,88,40,7.23,2022-01-30 04:34:51
471,Strezhevoy,RU,60.7333,77.5889,3.18,95,100,7.14,2022-01-30 04:34:51
472,Berbera,SO,10.4396,45.0143,74.14,63,33,5.03,2022-01-30 04:34:52
473,Talitsa,RU,56.8804,60.0213,-14.26,97,100,1.92,2022-01-30 04:34:52
474,Beloha,MG,-25.1667,45.05,78.69,64,58,9.64,2022-01-30 04:34:52
475,Tateyama,JP,34.9833,139.8667,48.47,50,89,6.2,2022-01-30 04:34:53
476,Muravlenko,RU,63.7898,74.523,-3.08,97,93,8.08,2022-01-30 04:34:53
477,Coquimbo,CL,-29.9533,-71.3436,62.33,82,0,3.44,2022-01-30 04:34:53
478,Lumphat,KH,13.4878,106.9816,95.16,37,72,2.62,2022-01-30 04:34:54
479,Shenandoah,US,30.4013,-91.0009,42.89,70,0,1.01,2022-01-30 04:34:54
480,Vaitape,PF,-16.5167,-151.75,80.65,72,100,6.31,2022-01-30 04:34:54
481,Mao,ES,39.8885,4.2658,45.16,93,0,6.91,2022-01-30 04:34:54
482,Broome,US,42.2506,-75.833,9.05,83,40,5.99,2022-01-30 04:34:55
483,Bozhou,CN,33.8772,115.7703,43.88,43,2,4.63,2022-01-30 04:34:55
484,Skjervoy,NO,70.0311,20.9714,28.09,71,82,3.13,2022-01-30 04:34:56
485,Darnah,LY,32.767,22.6367,52.79,87,95,36.28,2022-01-30 04:34:56
486,Chimbote,PE,-9.0853,-78.5783,69.48,84,100,5.66,2022-01-30 04:34:56
487,Soe,ID,-9.8607,124.284,78.93,59,100,11.3,2022-01-30 04:34:57
488,Thai Binh,VN,20.45,106.3333,57.2,81,100,5.5,2022-01-30 04:34:57
489,Nemuro,JP,43.3236,145.575,21.63,52,27,14.16,2022-01-30 04:34:57
490,Oktyabrskoye,RU,43.0645,44.7417,15.94,86,25,6.71,2022-01-30 04:34:58
491,San Lawrenz,MT,36.0553,14.204,50.86,61,4,5.99,2022-01-30 04:34:58
492,Luis Correia,BR,-2.8792,-41.6669,75.43,88,100,6.29,2022-01-30 04:34:58
493,Mahibadhoo,MV,3.7833,72.9667,81.79,70,28,10.76,2022-01-30 04:34:59
494,Pasir Gudang,MY,1.4584,103.8805,89.71,57,75,6.91,2022-01-30 04:34:59
495,Athabasca,CA,54.7169,-113.2854,29.55,86,100,7.25,2022-01-30 04:31:08
496,Rio Gallegos,AR,-51.6226,-69.2181,46.45,81,75,13.8,2022-01-30 04:34:59
497,Gambo,CF,4.6482,22.2633,62.64,33,10,3.91,2022-01-30 04:35:00
498,Mwinilunga,ZM,-11.7358,24.4293,62.73,98,96,4.09,2022-01-30 04:35:00
499,Opuwo,NA,-18.0607,13.84,64.78,49,99,3.94,2022-01-30 04:35:00
500,Kilindoni,TZ,-7.9139,39.6668,77.99,84,99,8.81,2022-01-30 04:35:01
501,Aleksandrov Gay,RU,50.147,48.5704,32.32,97,100,16.35,2022-01-30 04:35:01
502,Murmino,RU,54.6036,40.0544,8.73,98,86,5.46,2022-01-30 04:35:01
503,Geraldton,AU,-28.7667,114.6,86.41,54,0,17.27,2022-01-30 04:35:02
504,Rundu,NA,-17.9333,19.7667,66.07,95,98,5.1,2022-01-30 04:35:02
505,Half Moon Bay,US,37.4636,-122.4286,54.97,77,0,11.5,2022-01-30 04:31:32
506,Burns Lake,CA,54.2331,-125.7533,27.82,97,77,3.94,2022-01-30 04:36:03
507,Sabha,LY,27.0377,14.4283,41.05,37,0,9.06,2022-01-30 04:36:03
508,Aqtobe,KZ,50.2797,57.2072,15.89,86,100,4.47,2022-01-30 04:36:03
509,Mata,PT,40.683,-7.4592,44.92,61,0,5.46,2022-01-30 04:36:04
510,Mercedes,AR,-34.6515,-59.4307,71.85,77,49,7.99,2022-01-30 04:36:04
511,Tynda,RU,55.1667,124.7167,0.97,71,61,7.58,2022-01-30 04:36:05
512,Spisska Nova Ves,SK,48.9446,20.5615,40.19,86,73,9.04,2022-01-30 04:36:05
513,Muroto,JP,33.2833,134.15,50.04,60,100,5.53,2022-01-30 04:36:05
514,Hasaki,JP,35.7333,140.8333,50.29,46,84,10.18,2022-01-30 04:36:06
515,Fort Nelson,CA,58.8053,-122.7002,2.79,78,100,8.05,2022-01-30 04:36:06
516,Venice,US,27.0998,-82.4543,44.15,68,0,5.75,2022-01-30 04:36:06
517,Marzuq,YE,14.4,46.4667,66.27,53,22,2.24,2022-01-30 04:36:07
518,Sisimiut,GL,66.9395,-53.6735,7.39,88,100,29.77,2022-01-30 04:36:07
519,Puerto Escondido,MX,15.85,-97.0667,77.83,69,0,0.0,2022-01-30 04:36:07
520,Caninde,BR,-4.3589,-39.3117,72.61,90,100,2.77,2022-01-30 04:36:07
521,Necochea,AR,-38.5473,-58.7368,73.04,63,45,14.03,2022-01-30 04:36:08
522,Wilmington,US,34.2257,-77.9447,28.9,48,0,8.05,2022-01-30 04:31:19
523,Meadow Lake,US,34.8014,-106.5436,40.15,36,68,3.2,2022-01-30 04:36:08
524,Cururupu,BR,-1.8283,-44.8683,72.03,98,100,2.57,2022-01-30 04:36:09
525,Acheng,CN,45.5454,126.977,12.13,85,65,6.31,2022-01-30 04:36:09
526,Sibenik,HR,43.7272,15.9058,38.86,81,21,4.14,2022-01-30 04:36:09
527,Port Augusta,AU,-32.5,137.7667,98.71,28,14,11.92,2022-01-30 04:36:10
528,Boguchany,RU,58.3814,97.4531,8.31,91,100,2.89,2022-01-30 04:36:10
529,Illapel,CL,-31.6308,-71.1653,62.67,80,2,3.04,2022-01-30 04:36:10
530,Dolores,AR,-36.3132,-57.6792,63.18,93,34,8.19,2022-01-30 04:36:11
531,Maxixe,MZ,-23.8597,35.3472,73.22,88,40,6.73,2022-01-30 04:36:11
532,Hailar,CN,49.2,119.7,-4.18,90,48,2.19,2022-01-30 04:36:12
533,Hovd,MN,48.0056,91.6419,-6.16,80,32,3.4,2022-01-30 04:36:12
534,Fairbanks,US,64.8378,-147.7164,-18.44,76,0,0.0,2022-01-30 04:36:12
535,Borogontsy,RU,62.6683,131.1683,-19.26,91,63,1.3,2022-01-30 04:36:13
536,Russkaya Polyana,UA,49.417,31.9201,27.25,86,100,17.76,2022-01-30 04:36:13
537,Ouango,CF,4.3133,22.5552,63.03,36,6,4.23,2022-01-30 04:36:13
538,Srivardhan,IN,18.0333,73.0167,81.34,30,40,3.58,2022-01-30 04:36:14
539,Brits,ZA,-25.6347,27.7802,67.73,84,99,3.51,2022-01-30 04:36:14
540,Llanes,ES,43.4198,-4.7549,49.59,62,6,8.3,2022-01-30 04:36:15
541,Belle Fourche,US,44.6714,-103.8522,40.08,48,50,5.44,2022-01-30 04:36:15
542,Vung Tau,VN,10.346,107.0843,80.46,75,62,10.76,2022-01-30 04:31:53
543,Amahai,ID,-3.3333,128.9167,87.44,62,99,3.91,2022-01-30 04:36:16
544,Storslett,NO,69.7678,21.0247,17.71,75,92,6.4,2022-01-30 04:36:16
545,Ust-Kuyga,RU,70.0167,135.6,-31.52,100,98,7.63,2022-01-30 04:36:16
546,Sault Sainte Marie,CA,46.5168,-84.3333,15.89,78,100,6.91,2022-01-30 04:32:10
547,Northam,GB,51.0333,-4.2167,41.31,92,55,3.04,2022-01-30 04:36:17
548,Guanica,PR,17.9716,-66.908,74.91,87,1,3.0,2022-01-30 04:36:17
549,Axim,GH,4.8699,-2.2405,77.27,90,31,2.13,2022-01-30 04:36:17
550,Narasannapeta,IN,18.4167,84.05,74.08,46,23,4.34,2022-01-30 04:36:18
551,Jinxiang,CN,27.4327,120.6062,49.32,62,86,12.93,2022-01-30 04:36:19
552,Ranong,TH,9.9658,98.6348,87.73,54,39,6.96,2022-01-30 04:37:19
553,Banjarmasin,ID,-3.3244,114.591,89.74,50,100,4.14,2022-01-30 04:37:20
554,Chicama,PE,-7.8447,-79.1469,64.94,77,97,5.53,2022-01-30 04:37:20
555,Severo-Kurilsk,RU,50.6789,156.125,25.05,90,100,13.53,2022-01-30 04:37:21
556,Hobyo,SO,5.3505,48.5268,76.75,69,75,17.69,2022-01-30 04:37:21
557,Ishigaki,JP,24.3448,124.1572,64.53,94,75,12.66,2022-01-30 04:37:22
558,Sorada,IN,19.75,84.4333,76.33,24,1,1.25,2022-01-30 04:37:22
559,Suez,EG,29.9737,32.5263,49.3,66,3,1.23,2022-01-30 04:37:22
560,Louis Trichardt,ZA,-23.0439,29.9032,64.33,95,100,8.3,2022-01-30 04:37:23
561,Tabas,IR,33.5959,56.9244,47.34,32,0,7.4,2022-01-30 04:37:23
562,Matagami,CA,49.7502,-77.6328,-14.69,84,0,4.61,2022-01-30 04:37:24
563,Kiboga,UG,0.9161,31.7742,66.9,43,57,0.87,2022-01-30 04:37:24
564,Ca Mau,VN,9.1769,105.15,93.67,40,50,6.26,2022-01-30 04:37:24
565,Weligama,LK,5.9667,80.4167,86.52,55,6,4.97,2022-01-30 04:37:25
566,Maltahohe,NA,-24.8333,16.9833,69.6,62,82,20.0,2022-01-30 04:37:25
567,Bunbury,AU,-33.3333,115.6333,87.64,41,2,14.54,2022-01-30 04:37:26
568,Champerico,GT,14.3,-91.9167,78.28,71,77,1.48,2022-01-30 04:37:26
569,Strelka,RU,58.0728,93.0344,7.32,92,100,2.06,2022-01-30 04:37:26
570,Belyy Yar,RU,53.6039,91.3903,-14.91,76,40,0.0,2022-01-30 04:37:27
571,Gimli,CA,50.6336,-96.9907,-0.38,85,67,9.22,2022-01-30 04:37:27
572,Esmeralda,CU,21.8525,-78.1169,63.64,63,49,8.86,2022-01-30 04:37:27
573,Panama City,PA,8.9936,-79.5197,79.05,80,100,5.75,2022-01-30 04:37:28
574,Salalah,OM,17.0151,54.0924,74.41,47,74,2.13,2022-01-30 04:37:28
575,Tubuala,PA,9.5167,-79.0333,76.33,76,32,15.05,2022-01-30 04:37:29
576,Vestmanna,FO,62.1564,-7.1664,31.12,74,100,1.14,2022-01-30 04:37:29
577,Vanavara,RU,60.34,102.2797,2.48,89,100,4.52,2022-01-30 04:37:30
578,Les Cayes,HT,18.2,-73.75,72.23,85,27,6.11,2022-01-30 04:37:30
579,Phalaborwa,ZA,-23.943,31.1411,70.88,78,100,9.33,2022-01-30 04:33:55
580,Petropavlovsk-Kamchatskiy,RU,53.0452,158.6483,27.19,80,75,4.47,2022-01-30 04:37:31
581,Mosetse,BW,-20.75,26.65,68.99,79,97,18.23,2022-01-30 04:37:31
582,Aban,RU,56.67,96.06,1.96,93,100,3.4,2022-01-30 04:37:32
583,Zhanaozen,KZ,43.3,52.8,35.35,67,99,13.6,2022-01-30 04:37:32
584,Mandera,KE,3.9366,41.867,76.82,40,20,8.37,2022-01-30 04:37:33
585,San Policarpo,PH,12.1791,125.5072,82.98,74,9,8.48,2022-01-30 04:37:33
586,Qiongshan,CN,20.0058,110.3542,62.58,94,100,11.18,2022-01-30 04:37:33
587,Flin Flon,CA,54.7682,-101.865,-1.08,100,89,3.87,2022-01-30 04:37:34
588,Svetlaya,RU,46.5389,138.3297,11.07,49,12,7.61,2022-01-30 04:37:34
589,Scarborough,GB,54.2797,-0.4044,40.53,82,23,1.01,2022-01-30 04:37:35
590,Mukhen,RU,48.1,136.1,1.92,77,90,5.23,2022-01-30 04:37:35
591,Shahr-E Kord,IR,32.3256,50.8644,13.77,73,0,4.61,2022-01-30 04:37:36
592,Akyab,MM,20.15,92.9,69.98,43,0,9.06,2022-01-30 04:37:36
593,Bull Savanna,JM,17.8868,-77.5902,69.87,83,4,7.81,2022-01-30 04:37:37
594,Mecca,SA,21.4267,39.8261,66.43,57,73,3.96,2022-01-30 04:37:29
595,Mokhotlong,LS,-29.2894,29.0675,58.59,63,0,1.5,2022-01-30 05:03:16
596,Abalak,RU,58.1286,68.5944,8.06,91,100,6.6,2022-01-30 05:03:16
597,Akdepe,TM,42.0551,59.3788,26.6,64,5,8.52,2022-01-30 05:03:17
598,Houma,US,29.5958,-90.7195,41.0,80,0,4.43,2022-01-30 04:58:26
599,Griffith,US,41.5284,-87.4237,21.13,69,0,1.01,2022-01-30 05:03:17
600,Terrell,US,32.736,-96.2753,54.75,41,0,5.75,2022-01-30 05:03:18
601,Chama,CH,47.1821,8.4636,44.06,80,100,1.14,2022-01-30 05:03:18
602,Talara,PE,-4.5772,-81.2719,71.08,84,80,11.5,2022-01-30 05:03:18
603,Vols,AT,47.25,11.3333,37.87,75,40,4.61,2022-01-30 05:03:19
604,Marsa Matruh,EG,31.3525,27.2453,50.61,64,99,19.28,2022-01-30 05:03:19
605,Kadoma,JP,34.7333,135.5833,47.64,39,98,6.87,2022-01-30 05:03:19
606,Aguimes,ES,27.9054,-15.4461,56.66,51,0,4.61,2022-01-30 05:03:20
607,Krapina,HR,46.1608,15.8789,36.5,80,37,3.11,2022-01-30 05:03:20
608,Farsund,NO,58.0948,6.8047,42.06,48,28,42.61,2022-01-30 05:03:20
609,Seoul,KR,37.5683,126.9778,37.81,22,13,6.46,2022-01-30 05:03:03
610,Dhidhdhoo,MV,6.8833,73.1,82.8,71,52,15.26,2022-01-30 05:03:21
611,Chingirlau,KZ,51.095,54.0814,28.87,94,100,15.26,2022-01-30 05:03:21
612,Shetpe,KZ,44.1667,52.1167,33.04,93,98,12.95,2022-01-30 05:03:21
613,Saint-Leu,RE,-21.15,55.2833,83.26,72,15,7.54,2022-01-30 05:03:22
614,Nueva Loja,EC,0.0847,-76.8828,71.42,93,97,3.22,2022-01-30 05:03:22
615,Kyzyl,RU,51.7,94.45,-13.83,94,94,1.01,2022-01-30 05:03:23
616,Nelson Bay,AU,-32.7167,152.15,86.29,64,88,9.28,2022-01-30 05:03:23
617,Jeremoabo,BR,-10.075,-38.4808,72.01,76,100,1.32,2022-01-30 05:03:23
618,Alamor,EC,-4.0181,-80.0197,59.56,96,100,3.49,2022-01-30 05:03:24
619,Guerrero,MX,17.6667,-100.0,64.08,79,7,3.98,2022-01-30 05:03:24
620,Tucupita,VE,9.0622,-62.051,66.9,95,96,2.98,2022-01-30 05:03:25
621,Palmer,US,42.1584,-72.3287,11.62,54,100,3.0,2022-01-30 05:03:25
622,Bilma,NE,18.6853,12.9164,51.73,29,0,9.75,2022-01-30 05:03:26
623,Lucapa,AO,-8.4192,20.7447,66.45,94,100,1.97,2022-01-30 04:59:14
624,Gat,IL,31.61,34.7642,47.39,100,0,3.04,2022-01-30 05:03:27
625,Victor Harbor,AU,-35.5667,138.6167,89.73,76,3,4.0,2022-01-30 05:03:27
626,Santa Fe,AR,-31.6333,-60.7,72.99,69,0,1.01,2022-01-30 05:01:45
627,Asau,RO,46.4333,26.4,35.76,71,100,9.01,2022-01-30 05:03:27
628,Padilla,CO,3.2204,-76.3139,69.37,92,98,2.04,2022-01-30 05:03:28
629,Bony,HU,47.65,17.8698,47.01,75,0,11.5,2022-01-30 05:03:28
630,Lima,PE,-12.0432,-77.0282,70.9,71,0,8.05,2022-01-30 04:59:06
631,Atbasar,KZ,51.8,68.3333,14.61,94,100,11.88,2022-01-30 05:03:29
632,Campo Maior,BR,-4.8278,-42.1686,71.04,92,100,1.43,2022-01-30 05:03:29
633,Matou,CN,29.8315,115.5774,38.55,89,100,1.86,2022-01-30 05:03:30
634,Ouesso,CG,1.6136,16.0517,66.24,38,100,1.81,2022-01-30 05:03:30
635,Oktyabrskiy,RU,54.4815,53.471,9.77,97,96,4.25,2022-01-30 05:03:30
636,Wagar,SD,16.1525,36.2032,63.23,69,2,8.16,2022-01-30 05:03:31
637,Sistranda,NO,63.7256,8.834,39.9,63,94,37.11,2022-01-30 05:03:31
638,Ulaangom,MN,49.9811,92.0667,-16.02,95,83,2.93,2022-01-30 05:03:31
639,Hami,CN,42.8,93.45,25.93,34,9,1.36,2022-01-30 05:03:32
640,Khash,IR,28.2211,61.2158,52.02,56,0,3.67,2022-01-30 05:03:32
641,Liwale,TZ,-9.7667,37.9333,68.77,92,96,1.25,2022-01-30 05:04:32
642,Najran,SA,17.4924,44.1277,62.06,48,5,0.45,2022-01-30 05:04:33
643,Santa Cruz,BO,-17.8,-63.1667,73.56,53,70,3.6,2022-01-30 05:00:14
644,Coruripe,BR,-10.1256,-36.1756,76.03,73,99,7.9,2022-01-30 05:04:33
645,Nantucket,US,41.2835,-70.0995,15.91,84,100,30.38,2022-01-30 04:59:51
646,Inirida,CO,3.8653,-67.9239,71.71,61,41,2.75,2022-01-30 05:04:34
647,Flinders,AU,-34.5833,150.8552,83.21,77,98,6.53,2022-01-30 05:04:34
648,Martin,US,27.0837,-80.4164,44.53,64,0,1.01,2022-01-30 05:04:35
649,Bria,CF,6.5423,21.9863,60.26,29,4,4.99,2022-01-30 05:04:35
650,Fernandez,AR,-27.9204,-63.8935,71.11,47,0,5.82,2022-01-30 05:04:35
651,Owosso,US,42.9978,-84.1766,17.35,69,100,5.01,2022-01-30 05:04:36
652,Dvorichna,UA,49.8496,37.6857,23.38,93,93,12.44,2022-01-30 05:04:36
653,Seymchan,RU,62.8833,152.4333,-9.92,96,100,4.52,2022-01-30 05:04:37
654,Finschhafen,PG,-6.6024,147.8681,85.44,72,100,10.18,2022-01-30 05:04:37
655,Crestview,US,30.7621,-86.5705,39.24,81,0,1.72,2022-01-30 05:01:10
656,Killam,CA,52.7834,-111.8518,26.62,85,100,5.77,2022-01-30 05:04:37
657,Paracuru,BR,-3.41,-39.0306,78.82,86,94,6.46,2022-01-30 05:04:38
658,Ampanihy,MG,-24.7,44.75,77.29,68,44,4.16,2022-01-30 05:04:38
659,Niquero,CU,20.0431,-77.5828,68.31,76,96,20.0,2022-01-30 05:04:38
660,Kiyasovo,RU,56.3491,53.1244,4.82,97,100,5.14,2022-01-30 05:04:39
661,Zhangjiakou,CN,40.81,114.8794,27.07,36,71,3.09,2022-01-30 05:04:39
662,Kaoma,ZM,-14.7833,24.8,64.36,98,100,4.27,2022-01-30 05:04:39
663,Mardin,TR,37.3131,40.7436,26.71,93,75,2.3,2022-01-30 05:04:40
664,Zhigansk,RU,66.7697,123.3711,-26.55,99,80,5.32,2022-01-30 05:04:40
665,Kupang,ID,-10.1667,123.5833,79.38,94,75,12.66,2022-01-30 05:04:40
666,Tual,ID,-5.6667,132.75,83.16,75,100,18.41,2022-01-30 05:04:41
667,Sambava,MG,-14.2667,50.1667,77.97,76,88,5.1,2022-01-30 05:04:41
668,Lixourion,GR,38.2019,20.4314,45.63,63,0,7.99,2022-01-30 05:04:41
669,Jiaocheng,CN,24.6774,116.1389,54.79,54,76,5.88,2022-01-30 05:04:42
670,Las Palmas,ES,28.4204,-14.0131,56.19,88,0,6.91,2022-01-30 05:04:42
671,Nishihara,JP,26.1842,127.7558,66.25,79,100,10.36,2022-01-30 05:04:43
672,Russell,US,32.3502,-85.1999,28.99,74,0,0.0,2022-01-30 05:01:12
673,Nago,JP,26.5881,127.9761,67.05,84,99,18.45,2022-01-30 05:04:43
674,Mitu,CO,1.1983,-70.1733,70.11,77,73,2.62,2022-01-30 05:04:44
675,Subang,ID,-7.1277,108.5283,83.44,72,100,2.26,2022-01-30 05:04:44
